Suite/Test/Step Name,Browser,Description,Tag,Start time,End time,Duration,Status
testes,Chrome 136.0.7103.93,,,09-05-2025 21:46:52,09-05-2025 21:47:10,"17,582s",PASSED
,,,,,,,
Test Cases/teste cria,Chrome 136.0.7103.93,,,09-05-2025 21:46:53,09-05-2025 21:47:00,"7,361s",PASSED
"openBrowser("""")",Chrome 136.0.7103.93,,,09-05-2025 21:46:53,09-05-2025 21:46:55,"1,964s",PASSED
"openBrowser("""")",Chrome 136.0.7103.93,,,09-05-2025 21:46:55,09-05-2025 21:46:56,"0,954s",PASSED
closeBrowser(),Chrome 136.0.7103.93,,,09-05-2025 21:46:56,09-05-2025 21:46:56,"0,150s",PASSED
"openBrowser("""")",Chrome 136.0.7103.93,,,09-05-2025 21:46:56,09-05-2025 21:46:57,"0,811s",PASSED
"navigateToUrl(""http://127.0.0.1:8000/"")",Chrome 136.0.7103.93,,,09-05-2025 21:46:57,09-05-2025 21:46:58,"0,906s",PASSED
"click(findTestObject(""Object Repository/Page_TWTodoso - Lista de tarefas/a_Nova tarefa""))",Chrome 136.0.7103.93,,,09-05-2025 21:46:58,09-05-2025 21:46:58,"0,550s",PASSED
"setText(findTestObject(""Object Repository/Page_TWTodoso - Nova tarefa/input__title""), ""teste"")",Chrome 136.0.7103.93,,,09-05-2025 21:46:58,09-05-2025 21:46:59,"0,788s",PASSED
"setText(findTestObject(""Object Repository/Page_TWTodoso - Nova tarefa/input__deadline""), ""12/12/2000"")",Chrome 136.0.7103.93,,,09-05-2025 21:46:59,09-05-2025 21:47:00,"0,527s",PASSED
"click(findTestObject(""Object Repository/Page_TWTodoso - Nova tarefa/button_Salvar""))",Chrome 136.0.7103.93,,,09-05-2025 21:47:00,09-05-2025 21:47:00,"0,320s",PASSED
,,,,,,,
Test Cases/altera,Chrome 136.0.7103.93,,,09-05-2025 21:47:00,09-05-2025 21:47:04,"3,621s",PASSED
"openBrowser("""")",Chrome 136.0.7103.93,,,09-05-2025 21:47:00,09-05-2025 21:47:01,"1,019s",PASSED
"navigateToUrl(""http://127.0.0.1:8000/"")",Chrome 136.0.7103.93,,,09-05-2025 21:47:01,09-05-2025 21:47:02,"0,376s",PASSED
"click(findTestObject(""Object Repository/Page_TWTodoso - Lista de tarefas/a_Editar""))",Chrome 136.0.7103.93,,,09-05-2025 21:47:02,09-05-2025 21:47:02,"0,564s",PASSED
"setText(findTestObject(""Object Repository/Page_TWTodoso - Editar tarefa/input__title""), ""teste alteração"")",Chrome 136.0.7103.93,,,09-05-2025 21:47:02,09-05-2025 21:47:03,"0,762s",PASSED
"setText(findTestObject(""Object Repository/Page_TWTodoso - Editar tarefa/input__deadline""), ""12/12/2001"")",Chrome 136.0.7103.93,,,09-05-2025 21:47:03,09-05-2025 21:47:03,"0,512s",PASSED
"click(findTestObject(""Object Repository/Page_TWTodoso - Editar tarefa/button_Salvar""))",Chrome 136.0.7103.93,,,09-05-2025 21:47:03,09-05-2025 21:47:04,"0,302s",PASSED
,,,,,,,
Test Cases/concluir,Chrome 136.0.7103.93,,,09-05-2025 21:47:04,09-05-2025 21:47:06,"2,739s",PASSED
"openBrowser("""")",Chrome 136.0.7103.93,,,09-05-2025 21:47:04,09-05-2025 21:47:05,"0,937s",PASSED
"navigateToUrl(""http://127.0.0.1:8000/"")",Chrome 136.0.7103.93,,,09-05-2025 21:47:05,09-05-2025 21:47:06,"1,194s",PASSED
"click(findTestObject(""Object Repository/Page_TWTodoso - Lista de tarefas/a_Concluir""))",Chrome 136.0.7103.93,,,09-05-2025 21:47:06,09-05-2025 21:47:06,"0,549s",PASSED
,,,,,,,
Test Cases/excloi,Chrome 136.0.7103.93,,,09-05-2025 21:47:06,09-05-2025 21:47:10,"3,171s",PASSED
"openBrowser("""")",Chrome 136.0.7103.93,,,09-05-2025 21:47:07,09-05-2025 21:47:08,"1,005s",PASSED
"navigateToUrl(""http://127.0.0.1:8000/"")",Chrome 136.0.7103.93,,,09-05-2025 21:47:08,09-05-2025 21:47:09,"1,059s",PASSED
"click(findTestObject(""Object Repository/Page_TWTodoso - Lista de tarefas/a_excluir""))",Chrome 136.0.7103.93,,,09-05-2025 21:47:09,09-05-2025 21:47:09,"0,551s",PASSED
"click(findTestObject(""Object Repository/Page_TWTodoso - Excluir tarefa/button_Excluir""))",Chrome 136.0.7103.93,,,09-05-2025 21:47:09,09-05-2025 21:47:10,"0,506s",PASSED
